_H:	|Run	|Epoch	#SSE	#AvgSSE	#PctErr	#PctCor	#PctNameErr	#CosDiff	#PerTrlMSec	#OrthoCode ActAvg	#Hidden ActAvg
_D:	0	0	13.29	0.09493	0.9625	0.03751	0.9615	0.4186	0	0.101	0.126
_D:	0	1	11.48	0.08203	1.003	-0.003009	0.987	0.5975	36.47	0.09877	0.1245
_D:	0	2	10.29	0.07349	0.9749	0.0251	0.9538	0.6433	35.3	0.09892	0.1229
_D:	0	3	9.473	0.06766	0.9649	0.03514	0.9147	0.6778	34.95	0.09818	0.1219
_D:	0	4	9.02	0.06443	0.971	0.02899	0.9234	0.7286	35.53	0.09671	0.1202
_D:	0	5	8.146	0.05819	0.9364	0.06363	0.8749	0.7547	34.54	0.09976	0.1199
_D:	0	6	6.678	0.0477	0.8302	0.1698	0.767	0.7106	31.27	0.09772	0.1186
_D:	0	7	7.257	0.05183	0.9383	0.06165	0.8621	0.8203	34.8	0.09529	0.1174
_D:	0	8	6.168	0.04406	0.8447	0.1553	0.7579	0.7765	31.7	0.0967	0.1166
_D:	0	9	6.039	0.04314	0.8676	0.1324	0.791	0.8314	33.23	0.09646	0.1166
_D:	0	10	5.278	0.0377	0.7791	0.2209	0.6787	0.7836	30.55	0.09718	0.1166
_D:	0	11	5.012	0.0358	0.7904	0.2096	0.7021	0.8355	32.18	0.09687	0.1156
_D:	0	12	5.685	0.04061	0.8944	0.1056	0.7888	0.9356	36.01	0.09596	0.1144
_D:	0	13	4.45	0.03179	0.6918	0.3082	0.6012	0.7614	29.03	0.09649	0.1145
_D:	0	14	4.558	0.03256	0.7505	0.2495	0.6628	0.8913	32.65	0.09585	0.1145
_D:	0	15	4.206	0.03005	0.7308	0.2692	0.6139	0.8173	29.97	0.09889	0.1142
_D:	0	16	3.717	0.02655	0.6929	0.3071	0.577	0.9047	32.01	0.09566	0.1131
_D:	0	17	4.082	0.02916	0.701	0.299	0.601	0.865	31.62	0.09478	0.1131
_D:	0	18	3.694	0.02639	0.6796	0.3204	0.5745	0.8698	30.82	0.09714	0.113
_D:	0	19	3.442	0.02458	0.6166	0.3834	0.5195	0.8206	29.04	0.0958	0.1135
_D:	0	20	3.692	0.02637	0.6946	0.3054	0.5669	0.9542	33.33	0.09772	0.1131
_D:	0	21	3.499	0.02499	0.6599	0.3401	0.5462	0.9265	32.34	0.09539	0.1128
_D:	0	22	3.189	0.02278	0.6436	0.3564	0.532	0.9158	31.6	0.09715	0.1127
_D:	0	23	2.791	0.01994	0.5786	0.4214	0.4687	0.8579	29.75	0.0971	0.1127
_D:	0	24	3.207	0.02291	0.6427	0.3573	0.5185	0.9557	33.14	0.0955	0.1123
_D:	0	25	2.573	0.01838	0.5378	0.4622	0.4414	0.8288	28.21	0.0953	0.1119
_D:	0	26	2.865	0.02046	0.5843	0.4157	0.4682	0.9219	31.11	0.09587	0.1124
_D:	0	27	2.694	0.01925	0.58	0.42	0.4636	0.9156	30.8	0.09544	0.1122
_D:	0	28	2.794	0.01996	0.5582	0.4418	0.4627	0.946	31.76	0.09586	0.1116
_D:	0	29	2.208	0.01577	0.5077	0.4923	0.3849	0.903	29.87	0.09593	0.1115
_D:	0	30	2.098	0.01499	0.4933	0.5067	0.3852	0.9377	30.61	0.09599	0.112
_D:	0	31	2.046	0.01461	0.4866	0.5134	0.374	0.9362	30.45	0.09574	0.1119
_D:	0	32	2.333	0.01667	0.5015	0.4985	0.3944	0.9207	30.34	0.09663	0.1116
_D:	0	33	2.17	0.0155	0.4895	0.5105	0.3937	0.951	31.05	0.09601	0.1116
_D:	0	34	2.035	0.01454	0.4577	0.5423	0.3443	0.9124	29.7	0.0973	0.1116
_D:	0	35	1.94	0.01385	0.4598	0.5402	0.3525	0.8996	29.19	0.09477	0.1116
_D:	0	36	1.828	0.01306	0.4573	0.5427	0.3525	0.9748	31.26	0.09503	0.1115
_D:	0	37	1.874	0.01339	0.4602	0.5398	0.3552	0.97	31.14	0.0974	0.1119
_D:	0	38	1.865	0.01332	0.4176	0.5824	0.3357	0.8921	29.64	0.09584	0.1111
_D:	0	39	1.723	0.0123	0.4052	0.5948	0.3034	0.9301	30.33	0.09602	0.1116
_D:	0	40	1.68	0.012	0.402	0.598	0.3186	0.9516	30.57	0.09615	0.1116
_D:	0	41	1.75	0.0125	0.4029	0.5971	0.3155	0.9083	29.14	0.09668	0.1115
_D:	0	42	1.794	0.01282	0.45	0.55	0.3451	0.951	30.48	0.0958	0.111
_D:	0	43	1.516	0.01083	0.399	0.601	0.3051	0.9908	31.35	0.09639	0.1115
_D:	0	44	1.571	0.01122	0.3863	0.6137	0.2956	0.9044	29.13	0.09595	0.112
_D:	0	45	1.698	0.01213	0.4053	0.5947	0.306	0.9824	31.33	0.09618	0.1116
_D:	0	46	1.635	0.01168	0.3858	0.6142	0.3118	0.9753	30.99	0.09424	0.1109
_D:	0	47	1.123	0.008021	0.3389	0.6611	0.2497	0.9687	30.22	0.09714	0.1111
_D:	0	48	1.125	0.008036	0.3364	0.6636	0.2531	0.9428	29.34	0.09438	0.1112
_D:	0	49	1.39	0.009927	0.3385	0.6615	0.257	0.9573	30.11	0.09624	0.1118
_D:	0	50	1.127	0.008048	0.3299	0.6701	0.2541	0.9675	30.28	0.09376	0.1114
_D:	0	51	1.274	0.009099	0.3455	0.6545	0.2541	0.9375	29.35	0.09595	0.112
_D:	0	52	1.326	0.009475	0.3406	0.6594	0.2571	0.9843	30.82	0.0971	0.1123
_D:	0	53	1.166	0.008325	0.3171	0.6829	0.2266	0.9337	29.1	0.09649	0.1119
_D:	0	54	1.094	0.007811	0.3101	0.6899	0.2197	0.9738	30.34	0.09553	0.1119
_D:	0	55	1.175	0.008391	0.3107	0.6893	0.2399	0.9466	29.5	0.09536	0.1122
_D:	0	56	1.107	0.007905	0.3234	0.6766	0.2322	1.011	31.48	0.09721	0.1123
_D:	0	57	0.9266	0.006618	0.2691	0.7309	0.2035	0.8918	27.92	0.09758	0.112
_D:	0	58	1.329	0.009492	0.3504	0.6496	0.2613	1.003	32	0.09498	0.1116
_D:	0	59	1.157	0.008264	0.2973	0.7027	0.2261	0.9128	28.54	0.09495	0.1116
_D:	0	60	1.142	0.008154	0.327	0.673	0.2347	0.9909	30.8	0.09737	0.1121
_D:	0	61	1.036	0.007402	0.2959	0.7041	0.2145	0.9556	29.66	0.09396	0.1118
_D:	0	62	1.021	0.007293	0.2596	0.7404	0.1947	0.913	28.38	0.09561	0.112
_D:	0	63	1.118	0.007989	0.3192	0.6808	0.2266	1.033	32.05	0.09603	0.1121
_D:	0	64	0.9334	0.006667	0.2721	0.7279	0.1982	0.988	30.54	0.09589	0.1123
_D:	0	65	1.055	0.007534	0.3076	0.6924	0.223	0.9943	30.9	0.09474	0.1114
_D:	0	66	0.8336	0.005954	0.2518	0.7482	0.1823	0.9247	28.58	0.09422	0.1123
_D:	0	67	0.8929	0.006378	0.2658	0.7342	0.181	0.9966	31.02	0.09673	0.1121
_D:	0	68	0.9071	0.006479	0.264	0.736	0.1911	0.9223	28.75	0.09662	0.1124
_D:	0	69	0.799	0.005707	0.2505	0.7495	0.1708	1.011	31.18	0.09677	0.1126
_D:	0	70	0.9272	0.006623	0.2433	0.7567	0.1766	0.973	30.16	0.09654	0.1126
_D:	0	71	0.9047	0.006462	0.2554	0.7446	0.1771	0.9723	30.28	0.09643	0.1117
_D:	0	72	0.8586	0.006133	0.2523	0.7477	0.1818	0.9628	30.06	0.09516	0.1119
_D:	0	73	0.8478	0.006055	0.2433	0.7567	0.1853	0.9848	30.67	0.09614	0.1124
_D:	0	74	0.7755	0.00554	0.2392	0.7608	0.1766	0.9655	29.98	0.09621	0.1121
_D:	0	75	0.7969	0.005692	0.2492	0.7508	0.1741	0.9884	30.59	0.09724	0.1121
_D:	0	76	0.8359	0.00597	0.2551	0.7449	0.1855	0.9545	29.8	0.09591	0.1123
_D:	0	77	0.8698	0.006213	0.239	0.761	0.1713	0.9717	30.25	0.09484	0.112
_D:	0	78	0.8062	0.005759	0.2406	0.7594	0.1753	0.9666	29.85	0.09538	0.1124
_D:	0	79	0.88	0.006285	0.2516	0.7484	0.1728	1.03	31.87	0.09448	0.1124
_D:	0	80	0.7336	0.00524	0.2305	0.7695	0.1557	0.924	29.01	0.09479	0.1119
_D:	0	81	0.578	0.004129	0.2016	0.7984	0.1444	0.9591	29.57	0.0941	0.1116
_D:	0	82	0.6713	0.004795	0.2018	0.7982	0.1489	0.9731	29.79	0.09519	0.1122
_D:	0	83	0.6776	0.00484	0.2085	0.7915	0.1513	1.036	31.64	0.09628	0.1126
_D:	0	84	0.7826	0.00559	0.2236	0.7764	0.1505	0.961	29.47	0.0947	0.1123
_D:	0	85	0.6443	0.004602	0.1855	0.8145	0.1384	0.981	29.88	0.09594	0.1125
_D:	0	86	0.5796	0.00414	0.1886	0.8114	0.1349	0.9476	29.16	0.09381	0.1123
_D:	0	87	0.4957	0.003541	0.1766	0.8234	0.1181	0.9609	29.37	0.09586	0.1122
_D:	0	88	0.7799	0.005571	0.2283	0.7717	0.1587	1.069	32.89	0.09641	0.1127
_D:	0	89	0.6071	0.004337	0.1777	0.8223	0.1167	0.9297	28.61	0.09623	0.1131
_D:	0	90	0.7613	0.005438	0.2275	0.7725	0.1714	1.038	32.12	0.09589	0.113
_D:	0	91	0.6338	0.004527	0.2043	0.7957	0.1447	0.9465	28.99	0.09664	0.1122
_D:	0	92	0.5658	0.004042	0.1983	0.8017	0.1249	0.9669	29.52	0.09523	0.1128
_D:	0	93	0.5553	0.003967	0.1856	0.8144	0.1303	0.9746	29.67	0.09501	0.1126
_D:	0	94	0.5549	0.003964	0.1624	0.8376	0.1165	0.9362	28.55	0.09612	0.1126
_D:	0	95	0.5755	0.004111	0.1745	0.8255	0.1277	1.048	31.79	0.09679	0.1124
_D:	0	96	0.5062	0.003616	0.1713	0.8287	0.1152	0.9245	28.03	0.09692	0.1125
_D:	0	97	0.4918	0.003513	0.1447	0.8553	0.09547	0.9654	29.21	0.09472	0.1124
_D:	0	98	0.5134	0.003667	0.1595	0.8405	0.1099	0.9706	29.36	0.09465	0.1121
_D:	0	99	0.7174	0.005124	0.2031	0.7969	0.151	1.046	32.17	0.09636	0.1123
_D:	0	100	0.4504	0.003217	0.1421	0.8579	0.1131	0.9452	28.69	0.0946	0.1126
_D:	0	101	0.3937	0.002812	0.1343	0.8657	0.08368	1.018	30.72	0.09707	0.1125
_D:	0	102	0.3578	0.002555	0.1245	0.8755	0.08951	0.9833	29.68	0.09519	0.1124
_D:	0	103	0.3894	0.002781	0.1165	0.8835	0.08409	0.9711	29.45	0.0952	0.112
_D:	0	104	0.2808	0.002005	0.1038	0.8962	0.06307	0.9939	29.82	0.09632	0.1128
_D:	0	105	0.2843	0.00203	0.09381	0.9062	0.06804	1.003	30.09	0.09724	0.1129
_D:	0	106	0.3104	0.002217	0.1021	0.8979	0.06742	0.9798	29.35	0.09527	0.1127
_D:	0	107	0.2993	0.002138	0.0982	0.9018	0.07114	0.9704	29.18	0.09793	0.1127
_D:	0	108	0.2487	0.001777	0.08848	0.9115	0.06481	1.018	30.39	0.09707	0.1131
_D:	0	109	0.2647	0.001891	0.0897	0.9103	0.05912	0.9813	29.49	0.09746	0.1124
_D:	0	110	0.2749	0.001963	0.09381	0.9062	0.05988	0.9692	29.02	0.0956	0.113
_D:	0	111	0.2587	0.001848	0.08008	0.9199	0.05374	1.046	31.4	0.09673	0.1132
_D:	0	112	0.2131	0.001522	0.08161	0.9184	0.05475	0.9725	29.31	0.09563	0.1123
_D:	0	113	0.223	0.001593	0.07526	0.9247	0.04845	0.9899	30.09	0.09661	0.113
_D:	0	114	0.277	0.001978	0.08607	0.9139	0.0625	0.9839	29.41	0.09759	0.1129
_D:	0	115	0.2014	0.001438	0.07503	0.925	0.04933	0.9954	29.74	0.09619	0.1127
_D:	0	116	0.192	0.001371	0.06757	0.9324	0.0395	1.004	29.85	0.09565	0.1131
_D:	0	117	0.1683	0.001202	0.05956	0.9404	0.04284	0.9989	29.71	0.09677	0.1128
_D:	0	118	0.2905	0.002075	0.08772	0.9123	0.06708	0.9772	29.21	0.09692	0.1132
_D:	0	119	0.2	0.001428	0.07485	0.9251	0.0489	0.9596	28.68	0.0976	0.1134
_D:	0	120	0.2245	0.001604	0.07582	0.9242	0.05086	0.9535	28.81	0.09753	0.113
_D:	0	121	0.274	0.001957	0.09494	0.9051	0.07173	1.089	32.9	0.09522	0.1125
_D:	0	122	0.1925	0.001375	0.05998	0.94	0.04447	0.9731	29.01	0.09562	0.1126
_D:	0	123	0.1733	0.001238	0.0668	0.9332	0.04885	0.9576	28.54	0.09461	0.1119
_D:	0	124	0.2337	0.001669	0.08445	0.9156	0.05767	1.024	30.85	0.0966	0.1126
_D:	0	125	0.1668	0.001191	0.04738	0.9526	0.03554	0.9524	28.44	0.09691	0.1126
_D:	0	126	0.2078	0.001485	0.07609	0.9239	0.0504	0.9933	29.69	0.09732	0.1127
_D:	0	127	0.1613	0.001152	0.05506	0.9449	0.03604	1.007	30.06	0.09582	0.1129
_D:	0	128	0.298	0.002129	0.06739	0.9326	0.04955	0.9797	29.33	0.09717	0.1126
_D:	0	129	0.1678	0.001198	0.05604	0.944	0.04155	0.9686	28.88	0.09675	0.1132
_D:	0	130	0.09103	0.0006502	0.04192	0.9581	0.02894	1.029	30.5	0.09639	0.1129
_D:	0	131	0.1312	0.0009368	0.04724	0.9528	0.02915	1.002	29.81	0.09446	0.1125
_D:	0	132	0.1703	0.001216	0.06618	0.9338	0.04832	1.039	30.93	0.09636	0.1131
_D:	0	133	0.1549	0.001107	0.05369	0.9463	0.03643	0.9069	26.99	0.09797	0.1132
_D:	0	134	0.183	0.001307	0.06334	0.9367	0.04154	1.076	32.02	0.09836	0.1131
_D:	0	135	0.1458	0.001041	0.05637	0.9436	0.0379	0.9303	27.68	0.0972	0.1126
_D:	0	136	0.2627	0.001877	0.07341	0.9266	0.05754	1.011	30.2	0.09658	0.1127
_D:	0	137	0.1631	0.001165	0.0546	0.9454	0.03539	1.013	30.06	0.09719	0.1125
_D:	0	138	0.1145	0.0008178	0.04864	0.9514	0.03113	0.9575	28.66	0.09614	0.1128
_D:	0	139	0.1811	0.001294	0.0569	0.9431	0.03899	1.077	31.99	0.09807	0.1131
_D:	0	140	0.1238	0.0008843	0.03776	0.9622	0.02449	0.9636	28.84	0.09574	0.113
_D:	0	141	0.1351	0.0009651	0.05489	0.9451	0.03693	0.9728	29.09	0.09762	0.1129
_D:	0	142	0.1578	0.001127	0.05711	0.9429	0.0405	1.035	30.73	0.09835	0.1132
_D:	0	143	0.1583	0.001131	0.05058	0.9494	0.03899	1.009	29.95	0.09849	0.113
_D:	0	144	0.1649	0.001178	0.05949	0.9405	0.04103	0.9672	28.8	0.0963	0.1127
_D:	0	145	0.2021	0.001444	0.06979	0.9302	0.04896	1.008	29.98	0.09693	0.1124
_D:	0	146	0.1225	0.0008749	0.05327	0.9467	0.03015	0.9599	28.52	0.09728	0.1129
_D:	0	147	0.09228	0.0006591	0.0418	0.9582	0.02612	1.036	30.7	0.0972	0.1127
_D:	0	148	0.2016	0.00144	0.0592	0.9408	0.04123	1.004	29.88	0.09708	0.1127
_D:	0	149	0.1511	0.001079	0.04927	0.9507	0.03564	0.986	29.41	0.09559	0.1128
_D:	0	150	0.1364	0.0009746	0.05252	0.9475	0.03296	0.9773	29.08	0.09715	0.1127
_D:	0	151	0.1586	0.001133	0.04576	0.9542	0.03311	0.9396	27.95	0.09774	0.113
_D:	0	152	0.1381	0.0009862	0.04975	0.9503	0.0335	1.037	30.79	0.09787	0.1131
_D:	0	153	0.1626	0.001162	0.04559	0.9544	0.0304	0.992	29.4	0.09652	0.1127
_D:	0	154	0.129	0.0009215	0.05986	0.9401	0.03302	1.014	30.08	0.09723	0.1129
_D:	0	155	0.1476	0.001054	0.05171	0.9483	0.03619	0.9965	29.6	0.09574	0.1128
_D:	0	156	0.1291	0.0009219	0.05414	0.9459	0.03779	0.9827	29.22	0.09636	0.1129
_D:	0	157	0.2114	0.00151	0.05769	0.9423	0.03947	0.9833	29.31	0.09732	0.1128
_D:	0	158	0.1599	0.001142	0.05085	0.9492	0.0339	0.9792	29.04	0.09809	0.1132
_D:	0	159	0.1336	0.000954	0.04748	0.9525	0.03165	0.9869	29.32	0.09814	0.1124
_D:	0	160	0.2116	0.001512	0.06162	0.9384	0.04242	1.014	30.22	0.09639	0.1132
_D:	0	161	0.1325	0.0009465	0.04464	0.9554	0.03075	0.977	28.99	0.09758	0.1132
_D:	0	162	0.1185	0.0008468	0.03889	0.9611	0.02661	1.027	30.49	0.09662	0.1124
_D:	0	163	0.1183	0.0008452	0.04564	0.9544	0.02801	1.009	29.86	0.09719	0.1132
_D:	0	164	0.1785	0.001275	0.05301	0.947	0.04281	0.9761	28.97	0.0975	0.1129
_D:	0	165	0.1043	0.0007449	0.03955	0.9604	0.02333	0.9908	29.4	0.097	0.1125
_D:	0	166	0.1393	0.000995	0.05503	0.945	0.04233	1.038	30.89	0.09767	0.1128
_D:	0	167	0.1114	0.0007955	0.04054	0.9595	0.02183	0.9779	28.93	0.09699	0.113
_D:	0	168	0.1305	0.0009324	0.03834	0.9617	0.02982	1.019	30.24	0.09687	0.1127
_D:	0	169	0.115	0.0008215	0.03653	0.9635	0.0261	0.9756	29	0.09869	0.1133
_D:	0	170	0.1281	0.0009149	0.04767	0.9523	0.02902	0.9879	29.45	0.09696	0.1125
_D:	0	171	0.09255	0.0006611	0.03801	0.962	0.02429	1.015	30.03	0.09784	0.1132
_D:	0	172	0.1909	0.001363	0.04673	0.9533	0.03115	0.9763	29.06	0.09886	0.1133
_D:	0	173	0.1396	0.0009974	0.03971	0.9603	0.03259	0.9754	29.41	0.09815	0.1136
_D:	0	174	0.1018	0.0007273	0.04348	0.9565	0.02757	1.037	31.42	0.09837	0.1131
_D:	0	175	0.1007	0.0007195	0.03597	0.964	0.02878	0.9651	28.57	0.09856	0.1135
_D:	0	176	0.1418	0.001013	0.0427	0.9573	0.03078	0.9607	28.44	0.09676	0.1127
_D:	0	177	0.1065	0.0007609	0.03908	0.9609	0.02305	1.005	29.8	0.09793	0.1132
_D:	0	178	0.1586	0.001133	0.04245	0.9576	0.02962	0.9793	29.17	0.09634	0.1127
_D:	0	179	0.1348	0.0009626	0.05078	0.9492	0.03212	1.045	31.1	0.09725	0.113
_D:	0	180	0.1271	0.0009081	0.03958	0.9604	0.02317	0.9266	27.61	0.09875	0.1127
_D:	0	181	0.1586	0.001133	0.05057	0.9494	0.03715	1.063	31.93	0.09788	0.1132
_D:	0	182	0.1124	0.0008027	0.03947	0.9605	0.02328	0.9765	29.09	0.09831	0.1133
_D:	0	183	0.09128	0.000652	0.03749	0.9625	0.02229	0.9972	29.66	0.1001	0.1135
_D:	0	184	0.08275	0.0005911	0.03777	0.9622	0.02187	0.9776	29.09	0.09827	0.1137
_D:	0	185	0.1262	0.0009016	0.02956	0.9704	0.02243	1.021	30.44	0.0975	0.1129
_D:	0	186	0.1317	0.0009405	0.03233	0.9677	0.02398	1.018	30.02	0.09687	0.1128
_D:	0	187	0.1409	0.001006	0.04242	0.9576	0.0303	0.9634	28.58	0.09719	0.1129
_D:	0	188	0.1671	0.001193	0.05247	0.9475	0.03734	0.9927	29.4	0.09854	0.1132
_D:	0	189	0.123	0.0008788	0.04121	0.9588	0.02915	0.9912	29.28	0.0989	0.1129
_D:	0	190	0.1219	0.0008706	0.0403	0.9597	0.02757	1.05	31.13	0.09911	0.1136
_D:	0	191	0.1205	0.0008609	0.03226	0.9677	0.02151	0.9171	27.09	0.09744	0.1129
_D:	0	192	0.1305	0.0009321	0.03596	0.964	0.02697	1.017	30.07	0.09735	0.1132
_D:	0	193	0.1445	0.001032	0.03984	0.9602	0.0311	0.9673	28.83	0.09862	0.1132
_D:	0	194	0.1379	0.0009851	0.04451	0.9555	0.02899	1.06	31.47	0.09835	0.1125
_D:	0	195	0.06118	0.000437	0.02604	0.974	0.01562	1.003	29.76	0.09925	0.1131
_D:	0	196	0.09899	0.0007071	0.03069	0.9693	0.01881	0.9465	28.04	0.0979	0.1132
_D:	0	197	0.1088	0.0007772	0.029	0.971	0.023	1.006	29.75	0.09798	0.1133
_D:	0	198	0.1057	0.0007549	0.03279	0.9672	0.01844	1.02	30.23	0.09697	0.1129
_D:	0	199	0.1612	0.001151	0.03472	0.9653	0.0248	0.9621	28.43	0.09976	0.1131
_D:	0	200	0.1398	0.0009986	0.03762	0.9624	0.02612	1.048	30.93	0.09834	0.1134
_D:	0	201	0.0712	0.0005086	0.02838	0.9716	0.01747	1.042	30.65	0.0983	0.1134
_D:	0	202	0.05364	0.0003831	0.02301	0.977	0.0163	0.8759	26.03	0.09928	0.1129
_D:	0	203	0.09775	0.0006982	0.03138	0.9686	0.02328	1.052	31.08	0.09831	0.1135
_D:	0	204	0.1262	0.0009018	0.0376	0.9624	0.02744	0.9993	29.47	0.0997	0.1134
_D:	0	205	0.1008	0.0007197	0.03731	0.9627	0.02665	1.045	30.89	0.09783	0.1135
_D:	0	206	0.1182	0.0008446	0.03104	0.969	0.02328	0.9053	26.77	0.09943	0.1133
_D:	0	207	0.05454	0.0003896	0.02414	0.9759	0.0161	1.035	30.41	0.09792	0.1128
_D:	0	208	0.08654	0.0006181	0.01892	0.9811	0.01295	0.9865	29.13	0.1002	0.1136
_D:	0	209	0.1009	0.0007206	0.02543	0.9746	0.01831	1.017	30.04	0.09967	0.1133
_D:	0	210	0.1199	0.0008563	0.03289	0.9671	0.02364	1.006	29.63	0.09734	0.1126
_D:	0	211	0.06416	0.0004583	0.02532	0.9747	0.0211	1.024	30.13	0.1012	0.1137
_D:	0	212	0.09345	0.0006675	0.02299	0.977	0.01358	0.9868	29.26	0.09795	0.1137
_D:	0	213	0.1222	0.0008728	0.02648	0.9735	0.01935	0.9699	28.87	0.09842	0.1136
_D:	0	214	0.04334	0.0003096	0.01611	0.9839	0.01208	0.987	29.26	0.09878	0.1132
_D:	0	215	0.06818	0.000487	0.01994	0.9801	0.0114	0.9402	27.84	0.1009	0.1136
_D:	0	216	0.06313	0.0004509	0.01996	0.98	0.01471	1.103	32.82	0.0985	0.1132
_D:	0	217	0.05474	0.000391	0.01687	0.9831	0.01091	0.9421	28.11	0.1006	0.1136
_D:	0	218	0.07406	0.000529	0.0219	0.9781	0.01356	1.048	31.58	0.09833	0.1132
_D:	0	219	0.05111	0.000365	0.01626	0.9837	0.01118	0.9722	28.96	0.09794	0.1132
_D:	0	220	0.07422	0.0005301	0.0277	0.9723	0.01682	0.9702	28.54	0.09897	0.1138
_D:	0	221	0.0671	0.0004793	0.02018	0.9798	0.01715	1.017	29.93	0.09918	0.1128
_D:	0	222	0.03778	0.0002698	0.01468	0.9853	0.01258	1.037	30.48	0.09843	0.1135
_D:	0	223	0.04955	0.0003539	0.01527	0.9847	0.01018	0.9692	28.52	0.09979	0.1132
_D:	0	224	0.06552	0.000468	0.01827	0.9817	0.01624	0.9941	29.55	0.09897	0.1135
_D:	0	225	0.1154	0.0008239	0.02165	0.9783	0.01476	0.9651	28.52	0.09974	0.1136
_D:	0	226	0.0714	0.00051	0.02648	0.9735	0.01833	1.032	30.29	0.09826	0.1134
_D:	0	227	0.09323	0.0006659	0.02388	0.9761	0.01791	0.9734	29.31	0.09867	0.1135
_D:	0	228	0.07228	0.0005163	0.0186	0.9814	0.01343	1.035	31.1	0.09893	0.1138
_D:	0	229	0.04985	0.0003561	0.02036	0.9796	0.01393	1.035	30.6	0.09904	0.1131
_D:	0	230	0.08508	0.0006077	0.0194	0.9806	0.01455	0.9016	26.59	0.1003	0.1129
_D:	0	231	0.05702	0.0004073	0.01646	0.9835	0.01235	1.058	31.09	0.09985	0.1135
_D:	0	232	0.09262	0.0006615	0.02727	0.9727	0.02222	0.9782	28.75	0.09779	0.1127
_D:	0	233	0.05173	0.0003695	0.02012	0.9799	0.01408	0.9935	29.22	0.09639	0.1138
_D:	0	234	0.1068	0.0007631	0.02749	0.9725	0.02138	1.008	29.74	0.09886	0.1139
_D:	0	235	0.08223	0.0005873	0.01848	0.9815	0.01643	1.005	29.54	0.09943	0.1133
_D:	0	236	0.07824	0.0005588	0.02145	0.9785	0.01736	0.9918	29.08	0.1008	0.1138
_D:	0	237	0.0612	0.0004371	0.0216	0.9784	0.0144	1.005	29.51	0.0992	0.1133
_D:	0	238	0.06839	0.0004885	0.01892	0.9811	0.01494	0.9652	28.89	0.1001	0.1138
_D:	0	239	0.05977	0.0004269	0.02596	0.974	0.01454	1.04	30.92	0.09988	0.1132
_D:	0	240	0.0603	0.0004307	0.01826	0.9817	0.01318	0.974	28.6	0.09958	0.1138
_D:	0	241	0.1163	0.0008309	0.02535	0.9746	0.01927	0.9956	29.31	0.09979	0.1135
_D:	0	242	0.07941	0.0005672	0.01885	0.9812	0.01389	0.9751	28.61	0.09937	0.113
_D:	0	243	0.05349	0.0003821	0.01967	0.9803	0.01449	1.041	30.59	0.1002	0.1135
_D:	0	244	0.03307	0.0002362	0.01328	0.9867	0.01021	0.9849	28.97	0.09984	0.1134
_D:	0	245	0.06453	0.0004609	0.02427	0.9757	0.01719	0.9871	28.99	0.099	0.1139
_D:	0	246	0.05938	0.0004242	0.01923	0.9808	0.01346	0.9485	27.86	0.09876	0.1132
_D:	0	247	0.1088	0.0007768	0.02358	0.9764	0.01608	1.11	32.68	0.09826	0.1129
_D:	0	248	0.04828	0.0003448	0.01799	0.982	0.01376	0.985	29.04	0.0995	0.1133
_D:	0	249	0.09263	0.0006616	0.02681	0.9732	0.01589	0.9349	27.46	0.09958	0.1133
_D:	0	250	0.07373	0.0005266	0.01915	0.9808	0.01613	1.012	29.76	0.09908	0.1137
_D:	0	251	0.05956	0.0004254	0.02291	0.9771	0.01394	0.9855	28.89	0.09915	0.1133
_D:	0	252	0.08445	0.0006032	0.02072	0.9793	0.01527	1.092	32.09	0.09963	0.1135
_D:	0	253	0.05713	0.0004081	0.01855	0.9814	0.009766	0.8931	26.25	0.101	0.1137
_D:	0	254	0.05049	0.0003606	0.01543	0.9846	0.01132	1.051	30.92	0.1009	0.114
_D:	0	255	0.02071	0.0001479	0.01359	0.9864	0.007767	0.9424	27.72	0.09963	0.1134
_D:	0	256	0.03978	0.0002841	0.01185	0.9882	0.009872	1.015	29.8	0.09916	0.1133
_D:	0	257	0.05387	0.0003848	0.01377	0.9862	0.009833	0.9936	29.05	0.101	0.114
_D:	0	258	0.0523	0.0003736	0.01844	0.9816	0.0123	1.04	30.46	0.09967	0.1134
_D:	0	259	0.09524	0.0006803	0.02165	0.9784	0.01948	1.052	30.89	0.09698	0.1129
_D:	0	260	0.07985	0.0005704	0.01929	0.9807	0.01827	0.935	27.51	0.1011	0.1138
_D:	0	261	0.0263	0.0001879	0.01346	0.9865	0.008282	1.018	29.84	0.09935	0.1135
_D:	0	262	0.09968	0.000712	0.02301	0.977	0.01569	1.007	29.54	0.1011	0.114
_D:	0	263	0.07373	0.0005266	0.01712	0.9829	0.01208	0.9598	28.08	0.09921	0.1134
_D:	0	264	0.08307	0.0005934	0.02328	0.9767	0.01481	1.047	30.74	0.09997	0.1138
_D:	0	265	0.04251	0.0003036	0.01355	0.9864	0.01162	0.9129	26.76	0.1014	0.1145
_D:	0	266	0.07394	0.0005281	0.01404	0.986	0.01204	1.033	30.31	0.09966	0.1134
_D:	0	267	0.0345	0.0002464	0.01155	0.9885	0.008662	0.9579	27.99	0.0996	0.1134
_D:	0	268	0.06835	0.0004882	0.01659	0.9834	0.01073	1.011	29.62	0.09866	0.1138
_D:	0	269	0.035	0.00025	0.01438	0.9856	0.01151	0.9809	28.71	0.09973	0.1137
_D:	0	270	0.05217	0.0003727	0.01773	0.9823	0.01356	1.085	31.78	0.09967	0.1141
_D:	0	271	0.06246	0.0004461	0.01826	0.9817	0.01217	0.9699	28.45	0.09992	0.114
_D:	0	272	0.06834	0.0004882	0.01967	0.9803	0.009833	0.9667	28.29	0.1009	0.1141
_D:	0	273	0.05208	0.000372	0.01036	0.9896	0.00829	1.052	30.83	0.1007	0.1138
_D:	0	274	0.06505	0.0004647	0.02187	0.9781	0.01789	0.9566	28.22	0.1003	0.1134
_D:	0	275	0.05984	0.0004274	0.01393	0.9861	0.01095	0.9985	29.45	0.09975	0.1135
_D:	0	276	0.05578	0.0003985	0.02429	0.9757	0.01316	1.015	29.9	0.09893	0.1132
_D:	0	277	0.03092	0.0002208	0.01397	0.986	0.006986	0.9844	28.82	0.1007	0.1136
_D:	0	278	0.06259	0.0004471	0.02231	0.9777	0.0142	1.013	29.93	0.1012	0.1138
_D:	0	279	0.05906	0.0004218	0.01598	0.984	0.01099	0.9825	28.88	0.1001	0.1138
_D:	0	280	0.07324	0.0005231	0.01542	0.9846	0.01233	1.026	30.13	0.1007	0.114
_D:	0	281	0.06692	0.000478	0.01921	0.9808	0.01387	1.036	30.52	0.09983	0.1136
_D:	0	282	0.09173	0.0006552	0.02296	0.977	0.01775	0.9745	28.91	0.09967	0.114
_D:	0	283	0.05946	0.0004247	0.01608	0.9839	0.009045	0.9603	28.39	0.09818	0.1134
_D:	0	284	0.03054	0.0002182	0.01497	0.985	0.00998	0.9914	29.08	0.09913	0.1135
_D:	0	285	0.08553	0.000611	0.0222	0.9778	0.01797	1.056	31.11	0.09924	0.1134
_D:	0	286	0.05728	0.0004092	0.01653	0.9835	0.01136	0.9748	29.04	0.1009	0.1139
_D:	0	287	0.06333	0.0004523	0.01535	0.9846	0.01228	0.9881	29.06	0.09941	0.1131
_D:	0	288	0.02522	0.0001801	0.01151	0.9885	0.005753	0.9353	27.47	0.09967	0.1133
_D:	0	289	0.09595	0.0006854	0.0199	0.9801	0.0178	1.088	32.01	0.0992	0.1136
_D:	0	290	0.03657	0.0002612	0.01503	0.985	0.008016	0.9552	28.01	0.1002	0.1134
_D:	0	291	0.04329	0.0003092	0.01107	0.9889	0.008048	1.002	29.84	0.09938	0.1135
_D:	0	292	0.05721	0.0004086	0.01639	0.9836	0.01332	1.016	30.24	0.09953	0.1134
_D:	0	293	0.04016	0.0002869	0.01024	0.9898	0.008188	0.997	29.3	0.1006	0.1135
_D:	0	294	0.04586	0.0003276	0.01651	0.9835	0.01238	1.006	29.42	0.1011	0.114
_D:	0	295	0.06645	0.0004747	0.01434	0.9857	0.01025	0.99	28.99	0.1004	0.1135
_D:	0	296	0.05263	0.0003759	0.01816	0.9818	0.01052	0.9308	27.22	0.09947	0.1138
_D:	0	297	0.06315	0.0004511	0.02383	0.9762	0.01887	1.036	30.35	0.1023	0.1139
_D:	0	298	0.07144	0.0005103	0.01798	0.982	0.01399	1.003	29.35	0.09873	0.1134
_D:	0	299	0.05043	0.0003602	0.01947	0.9805	0.0123	1.023	30.09	0.1007	0.1132
_D:	0	300	0.04845	0.000346	0.01308	0.9869	0.008048	0.9798	28.95	0.1009	0.1138
_D:	0	301	0.05159	0.0003685	0.01236	0.9876	0.008239	1.021	30	0.1006	0.1141
_D:	0	302	0.1139	0.0008135	0.02842	0.9716	0.01789	1.018	29.86	0.1003	0.1137
_D:	0	303	0.04523	0.0003231	0.01939	0.9806	0.01327	0.9673	28.29	0.1003	0.1139
_D:	0	304	0.06743	0.0004817	0.0152	0.9848	0.01418	0.9902	28.97	0.09876	0.1134
_D:	0	305	0.04601	0.0003286	0.01668	0.9833	0.009385	1.027	30	0.1018	0.1139
_D:	0	306	0.05613	0.000401	0.0172	0.9828	0.0129	1.029	30.1	0.1001	0.1139
_D:	0	307	0.03501	0.0002501	0.01339	0.9866	0.01133	0.956	27.94	0.09862	0.114
_D:	0	308	0.07466	0.0005333	0.02187	0.9781	0.01458	1.008	29.5	0.09827	0.1135
_D:	0	309	0.08293	0.0005924	0.01577	0.9842	0.01262	1.006	29.46	0.0998	0.114
_D:	0	310	0.02285	0.0001632	0.007984	0.992	0.00499	0.9479	27.79	0.1002	0.1134
_D:	0	311	0.05342	0.0003815	0.01245	0.9876	0.01141	1.037	30.47	0.1009	0.114
_D:	0	312	0.0578	0.0004129	0.01839	0.9816	0.01226	0.9822	28.71	0.1009	0.1137
_D:	0	313	0.04843	0.0003459	0.01275	0.9872	0.01169	1.038	30.31	0.09988	0.1135
_D:	0	314	0.04316	0.0003083	0.01521	0.9848	0.01116	0.9524	27.8	0.1009	0.1136
_D:	0	315	0.03801	0.0002715	0.01194	0.9881	0.008955	0.9792	28.62	0.1004	0.1138
_D:	0	316	0.05296	0.0003783	0.01439	0.9856	0.00925	1.031	30.12	0.09887	0.1138
_D:	0	317	0.05751	0.0004108	0.0152	0.9848	0.01216	0.9833	28.85	0.1018	0.1139
_D:	0	318	0.09602	0.0006858	0.02218	0.9778	0.01795	1.039	30.38	0.1002	0.1139
_D:	0	319	0.06704	0.0004788	0.01534	0.9847	0.01431	0.9656	28.25	0.09753	0.1135
_D:	0	320	0.0216	0.0001543	0.01399	0.986	0.009688	1.051	30.7	0.1017	0.1139
_D:	0	321	0.05493	0.0003924	0.01242	0.9876	0.01035	0.9592	28.05	0.1003	0.1136
_D:	0	322	0.0517	0.0003693	0.01493	0.9851	0.01386	1.028	30.1	0.1006	0.114
_D:	0	323	0.04007	0.0002862	0.01358	0.9864	0.009699	0.9079	26.62	0.09966	0.1139
_D:	0	324	0.03607	0.0002577	0.01735	0.9827	0.0102	1.05	30.75	0.1015	0.1141
_D:	0	325	0.03575	0.0002553	0.01106	0.9889	0.00804	0.9832	29.35	0.104	0.1145
_D:	0	326	0.05527	0.0003948	0.01281	0.9872	0.009605	1.059	31.44	0.1009	0.1141
_D:	0	327	0.04681	0.0003344	0.01182	0.9882	0.01084	0.921	27.11	0.1006	0.1137
_D:	0	328	0.06796	0.0004854	0.01815	0.9819	0.01512	1.02	29.83	0.1005	0.1141
_D:	0	329	0.02713	0.0001938	0.01403	0.986	0.009018	0.9925	28.98	0.1001	0.114
_D:	0	330	0.03288	0.0002349	0.01455	0.9854	0.009356	1.036	30.27	0.1009	0.1139
_D:	0	331	0.03645	0.0002603	0.01789	0.9821	0.01093	0.9544	28.12	0.1005	0.1141
_D:	0	332	0.07912	0.0005652	0.01893	0.9811	0.01472	1.055	30.86	0.1026	0.1146
_D:	0	333	0.07038	0.0005027	0.01505	0.985	0.01204	0.951	27.79	0.1019	0.114
_D:	0	334	0.04092	0.0002923	0.01567	0.9843	0.01149	1.04	30.34	0.1008	0.114
_D:	0	335	0.06401	0.0004572	0.01168	0.9883	0.009737	0.9292	27.19	0.09931	0.1135
_D:	0	336	0.04993	0.0003566	0.01355	0.9864	0.01065	0.9921	28.96	0.1011	0.1138
_D:	0	337	0.06912	0.0004937	0.01728	0.9827	0.01423	1.047	30.66	0.09996	0.1139
_D:	0	338	0.06978	0.0004984	0.01844	0.9816	0.01332	1.005	29.4	0.1016	0.1139
_D:	0	339	0.01589	0.0001135	0.009605	0.9904	0.005336	1.041	30.4	0.103	0.1139
_D:	0	340	0.02884	0.000206	0.009128	0.9909	0.006085	0.9488	27.67	0.09994	0.1132
_D:	0	341	0.03278	0.0002342	0.01276	0.9872	0.006869	0.966	28.27	0.09893	0.1132
_D:	0	342	0.06121	0.0004372	0.01752	0.9825	0.01314	1.113	32.54	0.1	0.1134
_D:	0	343	0.05461	0.00039	0.01271	0.9873	0.008475	0.9648	28.15	0.1014	0.1139
_D:	0	344	0.03182	0.0002273	0.01237	0.9876	0.01134	0.9716	28.38	0.09907	0.1132
_D:	0	345	0.02914	0.0002081	0.01329	0.9867	0.00818	0.9903	28.91	0.1013	0.1145
_D:	0	346	0.04427	0.0003162	0.013	0.987	0.009	0.976	28.38	0.1005	0.1138
_D:	0	347	0.0371	0.000265	0.01691	0.9831	0.01057	1.055	30.76	0.1019	0.1141
_D:	0	348	0.06446	0.0004605	0.01629	0.9837	0.009772	1.024	29.92	0.1018	0.1143
_D:	0	349	0.01609	0.0001149	0.007056	0.9929	0.00504	0.9273	27.07	0.1022	0.1144
_D:	0	350	0.04266	0.0003047	0.008016	0.992	0.007014	0.992	28.96	0.1014	0.114
_D:	0	351	0.04457	0.0003183	0.0132	0.9868	0.01117	1.011	29.52	0.1018	0.1142
_D:	0	352	0.03379	0.0002413	0.01488	0.9851	0.007937	0.9755	28.71	0.1018	0.1137
_D:	0	353	0.006556	4.683e-05	0.003282	0.9967	0.001094	1.102	32.19	0.1015	0.1141
_D:	0	354	0.04185	0.0002989	0.01386	0.9861	0.01173	0.9724	28.55	0.09884	0.1134
_D:	0	355	0.07885	0.0005632	0.01998	0.98	0.01367	0.9831	28.69	0.1023	0.1145
_D:	0	356	0.04543	0.0003245	0.01411	0.9859	0.01008	0.9566	27.96	0.09974	0.1137
_D:	0	357	0.09722	0.0006944	0.01807	0.9819	0.01506	0.9923	28.99	0.09999	0.1132
_D:	0	358	0.01484	0.000106	0.007056	0.9929	0.00504	1.003	29.28	0.09928	0.1136
_D:	0	359	0.04231	0.0003022	0.01322	0.9868	0.01017	1.007	29.58	0.1015	0.1134
_D:	0	360	0.02971	0.0002122	0.01107	0.9889	0.01006	0.9874	28.98	0.09979	0.1142
_D:	0	361	0.04243	0.0003031	0.01394	0.9861	0.008964	0.9881	28.85	0.101	0.1134
_D:	0	362	0.1078	0.0007697	0.01834	0.9817	0.01726	1.079	31.53	0.09975	0.114
_D:	0	363	0.03694	0.0002638	0.01314	0.9869	0.0091	0.9356	27.34	0.1002	0.1139
_D:	0	364	0.01802	0.0001287	0.0112	0.9888	0.007128	1.006	29.73	0.1016	0.1139
_D:	0	365	0.03818	0.0002727	0.01564	0.9844	0.01173	0.9581	28.28	0.1015	0.1136
_D:	0	366	0.04136	0.0002954	0.01279	0.9872	0.009595	1.089	31.74	0.1015	0.1137
_D:	0	367	0.04233	0.0003024	0.01099	0.989	0.006993	0.9351	27.3	0.1003	0.1138
_D:	0	368	0.04094	0.0002924	0.01333	0.9867	0.008571	0.9514	27.71	0.09968	0.1142
_D:	0	369	0.03147	0.0002248	0.01619	0.9838	0.008097	1.061	30.93	0.1011	0.1147
_D:	0	370	0.03055	0.0002182	0.0127	0.9873	0.008466	1.044	30.66	0.09883	0.113
_D:	0	371	0.02658	0.0001898	0.008163	0.9918	0.005102	0.9628	28.08	0.1023	0.1139
_D:	0	372	0.03168	0.0002263	0.01119	0.9888	0.007121	0.9954	28.98	0.09897	0.1136
_D:	0	373	0.05631	0.0004022	0.01433	0.9857	0.01228	1.004	29.28	0.1014	0.1144
_D:	0	374	0.046	0.0003286	0.009544	0.9905	0.006363	1.034	30.21	0.1009	0.1144
_D:	0	375	0.05986	0.0004276	0.01533	0.9847	0.01149	0.9008	26.28	0.1011	0.1143
_D:	0	376	0.1029	0.0007352	0.01951	0.9805	0.01437	1.068	31.24	0.1	0.1139
_D:	0	377	0.05336	0.0003812	0.01322	0.9868	0.01221	0.9886	28.88	0.1017	0.1143
_D:	0	378	0.03717	0.0002655	0.01403	0.986	0.009018	0.9832	28.66	0.1022	0.1139
_D:	0	379	0.02965	0.0002118	0.01572	0.9843	0.009434	1.044	30.47	0.1007	0.1141
_D:	0	380	0.01132	8.083e-05	0.008973	0.991	0.004985	0.9502	27.74	0.1007	0.1141
_D:	0	381	0.04211	0.0003008	0.01186	0.9881	0.009881	0.9892	28.84	0.09924	0.1136
_D:	0	382	0.04137	0.0002955	0.0207	0.9793	0.01139	1.046	30.53	0.09898	0.1137
_D:	0	383	0.07969	0.0005692	0.0184	0.9816	0.01329	0.9846	28.73	0.09893	0.1136
_D:	0	384	0.08479	0.0006056	0.01679	0.9832	0.01469	1.023	29.96	0.1026	0.1138
_D:	0	385	0.02462	0.0001758	0.007028	0.993	0.006024	0.9555	28	0.1006	0.1137
_D:	0	386	0.06116	0.0004369	0.01787	0.9821	0.0139	0.9865	28.89	0.1012	0.1138
_D:	0	387	0.03249	0.0002321	0.01424	0.9858	0.008138	1.023	29.95	0.09991	0.1137
_D:	0	388	0.04888	0.0003491	0.01283	0.9872	0.007487	1.049	30.64	0.1021	0.1139
_D:	0	389	0.05428	0.0003877	0.0136	0.9864	0.01151	0.9757	28.47	0.1024	0.1143
_D:	0	390	0.06064	0.0004331	0.0161	0.9839	0.01408	0.9591	27.96	0.1014	0.1142
_D:	0	391	0.06615	0.0004725	0.02132	0.9787	0.01827	1.006	29.34	0.1013	0.1138
_D:	0	392	0.01468	0.0001049	0.006903	0.9931	0.005917	0.9704	28.13	0.101	0.1143
_D:	0	393	0.01646	0.0001176	0.01045	0.9896	0.008359	1.058	30.7	0.1028	0.1141
_D:	0	394	0.02344	0.0001674	0.007231	0.9928	0.005165	0.9872	28.77	0.1021	0.114
_D:	0	395	0.03952	0.0002823	0.012	0.988	0.005	0.9662	28.02	0.1018	0.114
_D:	0	396	0.02837	0.0002026	0.00611	0.9939	0.004073	1.017	29.57	0.1007	0.114
_D:	0	397	0.03973	0.0002838	0.01311	0.9869	0.006557	1.071	31.18	0.1016	0.1138
_D:	0	398	0.04954	0.0003538	0.01157	0.9884	0.01052	0.96	28	0.1022	0.1137
_D:	0	399	0.05514	0.0003938	0.01688	0.9831	0.01477	1.001	29.18	0.1027	0.1146
